Txhash,Blockno,UnixTimestamp,DateTime (UTC),From,To,ContractAddress,Value_IN(ETH),Value_OUT(ETH),CurrentValue @ $2012.128737712/Eth,TxnFee(ETH),TxnFee(USD),Historical $Price/Eth,Status,ErrCode,Method
0xf06025127e91fd883f742b351f27b2b330377c6b9f7ec14fcdd70978abbc4c57,18510141,1699239767,2023-11-6 3:02,0xc0ffeebabe5d496b2dde509f9fa189c25cf29671,0x3aa228a80f50763045bdfc45012da124bd0a6809,,0,9.38E-15,1.89E-11,0.003281077,6.601949081,1901.65,,,Ty For The MEV
0xe6f9b4626d912fe355b76edf59a128e6e73c9b7d7b55b92b52e9f3804cd04bf6,18510141,1699239767,2023-11-6 3:02,0x25b71878850d008ec4237c55f0a59198bcc72b43,0xc0ffeebabe5d496b2dde509f9fa189c25cf29671,,0.029377648,0,59.11161015,0.000385897,0.776473692,1901.65,,,Transfer
0xcd4d98ab6250d78c818ae05771b883803980d8234c8ae9e360ff97cfd01afe8c,18511817,1699260095,2023-11-6 8:41,0xc0ffeebabe5d496b2dde509f9fa189c25cf29671,0x3aa228a80f50763045bdfc45012da124bd0a6809,,0,1.52E-16,3.06E-13,0.014125585,28.42249649,1901.65,,,Ty For The MEV
0x568d076e887ef22815277b29011e97898d3ec1a128736f1ed3a0c7aad37ff457,18512272,1699265591,2023-11-6 10:13,0xc0ffeebabe5d496b2dde509f9fa189c25cf29671,0x3aa228a80f50763045bdfc45012da124bd0a6809,,0,2.27E-16,4.57E-13,0.006613767,13.30775126,1901.65,,,Ty For The MEV
0xa7231bc05bc54a29694f5a7262cdd102d5d6e8d3c6687fc9f23d57b125439077,18512945,1699273751,2023-11-6 12:29,0xc0ffeebabe5d496b2dde509f9fa189c25cf29671,0x3aa228a80f50763045bdfc45012da124bd0a6809,,0,2.28E-16,4.59E-13,0.00389745,7.84217038,1901.65,,,Ty For The MEV
0xf0a5d6618673d9944dfbe302725f08d224738120b257a3e8c301dbe6d304d2e5,18514420,1699291643,2023-11-6 17:27,0xc0ffeebabe5d496b2dde509f9fa189c25cf29671,0x3aa228a80f50763045bdfc45012da124bd0a6809,,0,1.71E-16,3.44E-13,0.007422206,14.93443477,1901.65,,,Ty For The MEV
0x8ea91c2e1ace1b4c47e55cd97ea6cf01ea1a3005af5c0eb514c62b7fcb6991ef,18515039,1699299131,2023-11-6 19:32,0xc0ffeebabe5d496b2dde509f9fa189c25cf29671,0x3aa228a80f50763045bdfc45012da124bd0a6809,,0,3.90E-17,7.85E-14,0.011487096,23.11351531,1901.65,,,Ty For The MEV
0xa133319da85f4a005532df682c13bf890f960ca5821ee4b8c720199e8bcf010f,18515343,1699302803,2023-11-6 20:33,0xc0ffeebabe5d496b2dde509f9fa189c25cf29671,0x3aa228a80f50763045bdfc45012da124bd0a6809,,0,3.58E-16,7.20E-13,0.012464414,25.08000567,1901.65,,,Ty For The MEV
0xbcd211cdedce643e4b7379357e10aafdf3ba9d97c6ed6e39d29fe27f4f1f72fe,18517384,1699327523,2023-11-7 3:25,0xc0ffeebabe5d496b2dde509f9fa189c25cf29671,0x3aa228a80f50763045bdfc45012da124bd0a6809,,0,9.99E-15,2.01E-11,0.00392855,7.90474763,1886.12,,,Ty For The MEV
0x02920ce2f827c0e81f412a87ece36cfe7194b3a202604ddf8415c21bb7e990ed,18517384,1699327523,2023-11-7 3:25,0x25b71878850d008ec4237c55f0a59198bcc72b43,0xc0ffeebabe5d496b2dde509f9fa189c25cf29671,,1.859253939,0,3741.058281,0.000433068,0.871389503,1886.12,,,Transfer
0x163735f2735dd457f53f19fd65791a362f2d8427bf00af37399d62150517adf0,18518001,1699334987,2023-11-7 5:29,0xc0ffeebabe5d496b2dde509f9fa189c25cf29671,0x3aa228a80f50763045bdfc45012da124bd0a6809,,0,2.12E-16,4.27E-13,0.008871997,17.85159983,1886.12,,,Ty For The MEV
0x751b82ac0772013b583bef6ee0a50d6e67f5e4615b6f220d352e4e41cfab4a09,18518001,1699334987,2023-11-7 5:29,0xc0ffeebabe5d496b2dde509f9fa189c25cf29671,0x3aa228a80f50763045bdfc45012da124bd0a6809,,0,1.72E-16,3.46E-13,0.007653187,15.3991965,1886.12,,,Ty For The MEV
0x3882adacc7353d4f36fcaed6e8ae04f520eeb7dcbe968e88a0608ddfd0fc4a8f,18518001,1699334987,2023-11-7 5:29,0xc0ffeebabe5d496b2dde509f9fa189c25cf29671,0xc0ffeebabe5d496b2dde509f9fa189c25cf29671,,50.39264142,50.39264142,101396.482,0.000449825,0.905104919,1886.12,,,Transfer
0x798a546458b4219c2af12ba231b17afea85092c1a958ccd1ba4be706ce7874c3,18518256,1699338059,2023-11-7 6:20,0xc0ffeebabe5d496b2dde509f9fa189c25cf29671,0x3aa228a80f50763045bdfc45012da124bd0a6809,,0,9.86E-15,1.98E-11,0.011762188,23.66703721,1886.12,,,Ty For The MEV
0xd9c5aef0b8455c4fade38b5cea935dd47140ced4752bac8490a73595f126bcf6,18518256,1699338059,2023-11-7 6:20,0x25b71878850d008ec4237c55f0a59198bcc72b43,0xc0ffeebabe5d496b2dde509f9fa189c25cf29671,,0.778654795,0,1566.753691,0.000443012,0.891396244,1886.12,,,Transfer
0x999b26561c5527a04d4034338e9e0333f0b35cd5a7d6be26813356ac148114b0,18520188,1699361435,2023-11-7 12:50,0xc0ffeebabe5d496b2dde509f9fa189c25cf29671,0x3aa228a80f50763045bdfc45012da124bd0a6809,,0,9.94E-15,2.00E-11,0.004212681,8.47645717,1886.12,,,Ty For The MEV
0x10991141fd8ac77e517a2fccf57fc1feb1434732bdab5997766e2bc9fc9016d3,18520188,1699361435,2023-11-7 12:50,0x25b71878850d008ec4237c55f0a59198bcc72b43,0xc0ffeebabe5d496b2dde509f9fa189c25cf29671,,0.502438575,0,1010.971095,0.000465835,0.937320509,1886.12,,,Transfer
0x4606cf1fcbbeb11791461e39a79e2154fbb0e1e96f8c7a81172823669aee0a99,18521070,1699372091,2023-11-7 15:48,0xc0ffeebabe5d496b2dde509f9fa189c25cf29671,0x3aa228a80f50763045bdfc45012da124bd0a6809,,0,7.50E-17,1.51E-13,0.007342707,14.77447254,1886.12,,,Ty For The MEV
0x6dbef4b96c29336d771bdc8210ea04aebf17b38806567ac4b8d3fff9ade78d5b,18521776,1699380587,2023-11-7 18:09,0xc0ffeebabe5d496b2dde509f9fa189c25cf29671,0x3aa228a80f50763045bdfc45012da124bd0a6809,,0,8.01E-15,1.61E-11,0.013383733,26.92979384,1886.12,,,Ty For The MEV
0xfb5e6b09140aefb21664f0b9104d84da7be926ae04142f85a5458571056cfa2a,18521776,1699380587,2023-11-7 18:09,0xc0ffeebabe5d496b2dde509f9fa189c25cf29671,0x3aa228a80f50763045bdfc45012da124bd0a6809,,0,8.19E-15,1.65E-11,0.011605675,23.35211246,1886.12,,,Ty For The MEV
0x169c998d56a935b4667b896b73730c8a0817792ce794637a5b5a6b2bb14b8c8f,18521776,1699380587,2023-11-7 18:09,0xc0ffeebabe5d496b2dde509f9fa189c25cf29671,0x3aa228a80f50763045bdfc45012da124bd0a6809,,0,8.09E-15,1.63E-11,0.011605675,23.35211246,1886.12,,,Ty For The MEV
0x8c6d1934944fa59a721fdefa42cc4ad0e20ab6f53caa76474511a0a7e9efa2d1,18521776,1699380587,2023-11-7 18:09,0xc0ffeebabe5d496b2dde509f9fa189c25cf29671,0x3aa228a80f50763045bdfc45012da124bd0a6809,,0,7.99E-15,1.61E-11,0.011605675,23.35211246,1886.12,,,Ty For The MEV
0xf76aa5885cc37899f4c67ace3c6d98bde29194c76a39dcc730fb378a2b64b568,18521776,1699380587,2023-11-7 18:09,0xc0ffeebabe5d496b2dde509f9fa189c25cf29671,0x3aa228a80f50763045bdfc45012da124bd0a6809,,0,7.88E-15,1.59E-11,0.011605675,23.35211246,1886.12,,,Ty For The MEV
0xc092c9803d4875cef505606481e1d315b044123fdf98ec39471fb7ec188404ce,18521776,1699380587,2023-11-7 18:09,0xc0ffeebabe5d496b2dde509f9fa189c25cf29671,0x3aa228a80f50763045bdfc45012da124bd0a6809,,0,7.76E-15,1.56E-11,0.011605675,23.35211246,1886.12,,,Ty For The MEV
0x729dc8dd9d7e3b3c0a4870f9b4e39999f7661627bb96c3f40bfe2b983d67bee4,18521776,1699380587,2023-11-7 18:09,0xc0ffeebabe5d496b2dde509f9fa189c25cf29671,0x3aa228a80f50763045bdfc45012da124bd0a6809,,0,7.62E-15,1.53E-11,0.011605675,23.35211246,1886.12,,,Ty For The MEV
0x0b39448399e186b94acc8f848e7dfdd80650845ff96e321f1e29c7d2764672ca,18521776,1699380587,2023-11-7 18:09,0xc0ffeebabe5d496b2dde509f9fa189c25cf29671,0x3aa228a80f50763045bdfc45012da124bd0a6809,,0,7.47E-15,1.50E-11,0.011605675,23.35211246,1886.12,,,Ty For The MEV
0x99c8a6d9a818b07ace14b8e26b6b8f3cb4a917cd82044687f69c69d1a67c2c4c,18521776,1699380587,2023-11-7 18:09,0xc0ffeebabe5d496b2dde509f9fa189c25cf29671,0x3aa228a80f50763045bdfc45012da124bd0a6809,,0,7.27E-15,1.46E-11,0.00645821,12.99474902,1886.12,,,Ty For The MEV
0x26102f9eb201082d4a2868e5ee30ec803a26ad731805839b1ec0210ed5baa84a,18521776,1699380587,2023-11-7 18:09,0x25b71878850d008ec4237c55f0a59198bcc72b43,0xc0ffeebabe5d496b2dde509f9fa189c25cf29671,,0.090547121,0,182.1924651,0.000787481,1.584513854,1886.12,,,Transfer
0x77cf01c31b3e32b567edcf745b4d852f6d50a0b8ea609d291f0c7223697d80eb,18522344,1699387427,2023-11-7 20:03,0xc0ffeebabe5d496b2dde509f9fa189c25cf29671,0x3aa228a80f50763045bdfc45012da124bd0a6809,,0,2.15E-16,4.33E-13,0.014785598,29.75052713,1886.12,,,Ty For The MEV
0xda5c5b081e8f26ac1efc5b7624fc2f91db072318ec6b5713237260800315de03,18522344,1699387427,2023-11-7 20:03,0xc0ffeebabe5d496b2dde509f9fa189c25cf29671,0xc0ffeebabe5d496b2dde509f9fa189c25cf29671,,51.80268953,51.80268953,104233.6803,0.000699152,1.406783672,1886.12,,,Transfer
0x9f607516bcdcd1870d1824a9ea025116e5c946518d58fbd7c0fb3bd97b9ad050,18522425,1699388399,2023-11-7 20:19,0xc0ffeebabe5d496b2dde509f9fa189c25cf29671,0x3aa228a80f50763045bdfc45012da124bd0a6809,,0,1.00E-18,2.01E-15,0.067594006,136.0078412,1886.12,,,Ty For The MEV
0xae6afc7b211206841e107370d040e8b23f2fecd874634f5f50d54d66480db915,18522901,1699394135,2023-11-7 21:55,0xc0ffeebabe5d496b2dde509f9fa189c25cf29671,0x3aa228a80f50763045bdfc45012da124bd0a6809,,0,9.80E-17,1.97E-13,0.006563405,13.20641577,1886.12,,,Ty For The MEV
0xd18af4a0a6425d24db246756c7a2710a16ffa598053bce1b594725cf4e4cfd15,18522903,1699394159,2023-11-7 21:55,0xc0ffeebabe5d496b2dde509f9fa189c25cf29671,0x3aa228a80f50763045bdfc45012da124bd0a6809,,0,9.67E-15,1.95E-11,0.005321785,10.70811678,1886.12,,,Ty For The MEV
0x15771f39bba1dc4995798708d3a25220df1cf75a39144004aa7e3595ba8d857d,18522903,1699394159,2023-11-7 21:55,0xc0ffeebabe5d496b2dde509f9fa189c25cf29671,0x3aa228a80f50763045bdfc45012da124bd0a6809,,0,9.49E-15,1.91E-11,0.005221489,10.50630773,1886.12,,,Ty For The MEV
0xe80e2550f1979da05b0b80856ee0c99df78aa7c1540b0ca512e330a75853a1e8,18522903,1699394159,2023-11-7 21:55,0xc0ffeebabe5d496b2dde509f9fa189c25cf29671,0x3aa228a80f50763045bdfc45012da124bd0a6809,,0,9.04E-15,1.82E-11,0.00522087,10.50506328,1886.12,,,Ty For The MEV
0x5f3406c1a2e89ea43c3934a841370a50cc88db3c437cf76d71d9d238fbadeb79,18522903,1699394159,2023-11-7 21:55,0xc0ffeebabe5d496b2dde509f9fa189c25cf29671,0x3aa228a80f50763045bdfc45012da124bd0a6809,,0,4.68E-15,9.41E-12,0.006678646,13.43829456,1886.12,,,Ty For The MEV
0x8c88a3556e70754d75c325934659e45983649de0c3a0b4190301082809029107,18522903,1699394159,2023-11-7 21:55,0x25b71878850d008ec4237c55f0a59198bcc72b43,0xc0ffeebabe5d496b2dde509f9fa189c25cf29671,,0.265721688,0,534.6662456,0.000541167,1.088897751,1886.12,,,Transfer
0x5211eff9c10fa0ae31c576e6e7516b1334eac6c813c25fc0d3e15646d2a6e705,18523092,1699396427,2023-11-7 22:33,0xc0ffeebabe5d496b2dde509f9fa189c25cf29671,0x3aa228a80f50763045bdfc45012da124bd0a6809,,0,2.93E-16,5.90E-13,0.008675525,17.45627328,1886.12,,,Ty For The MEV
0xaeca841910436b8a4601674cb2a728e77b0de3287371a3d3d4723762317db139,18523092,1699396427,2023-11-7 22:33,0xc0ffeebabe5d496b2dde509f9fa189c25cf29671,0x3aa228a80f50763045bdfc45012da124bd0a6809,,0,2.70E-16,5.43E-13,0.00650022,13.07928039,1886.12,,,Ty For The MEV
0x22e42ace15efc629f43b4f6b429a26d3b1a968935c16e8e54acac32152eba23d,18523092,1699396427,2023-11-7 22:33,0xc0ffeebabe5d496b2dde509f9fa189c25cf29671,0x3aa228a80f50763045bdfc45012da124bd0a6809,,0,2.55E-16,5.13E-13,0.00650022,13.07928039,1886.12,,,Ty For The MEV
0xb58c708276c826c22ba3f631c5353a47ab7665ec6f7d092f609098a394bbbe9e,18523092,1699396427,2023-11-7 22:33,0xc0ffeebabe5d496b2dde509f9fa189c25cf29671,0x3aa228a80f50763045bdfc45012da124bd0a6809,,0,2.34E-16,4.71E-13,0.003086124,6.209677816,1886.12,Error(0),execution reverted,Ty For The MEV
0x000ee71a4db54e3ae885f57d192c254a353b6bcfe8b44c90fbff2be051288dcd,18523092,1699396427,2023-11-7 22:33,0xc0ffeebabe5d496b2dde509f9fa189c25cf29671,0xc0ffeebabe5d496b2dde509f9fa189c25cf29671,,52.19419404,52.19419404,105021.4378,0.000503321,1.012746262,1886.12,,,Transfer
0xedff4992f6b9568de5d49169fe7d8f26a73fbbcf47308a9f2ffcdc708c5cb8d2,18523345,1699399475,2023-11-7 23:24,0xc0ffeebabe5d496b2dde509f9fa189c25cf29671,0x3aa228a80f50763045bdfc45012da124bd0a6809,,0,9.94E-15,2.00E-11,0.015341708,30.86949236,1886.12,,,Ty For The MEV
0xf79d1288d712d34831a16d77450a414f46fbe79947021bf2f68b639b7077b971,18523345,1699399475,2023-11-7 23:24,0xc0ffeebabe5d496b2dde509f9fa189c25cf29671,0x3aa228a80f50763045bdfc45012da124bd0a6809,,0,9.92E-15,2.00E-11,0.018437029,37.09767685,1886.12,,,Ty For The MEV
0x5c7d5455165e1aafd3afa12169b34a3805d53b8da3f64c5bdb9c7a4c3dfe272a,18523345,1699399475,2023-11-7 23:24,0xc0ffeebabe5d496b2dde509f9fa189c25cf29671,0x3aa228a80f50763045bdfc45012da124bd0a6809,,0,8.67E-15,1.74E-11,0.016122692,32.4409325,1886.12,,,Ty For The MEV
0x514a9b6e1a6d02100e16649b2d8b44974d4c52953436b22ae2f2026b5917feae,18523345,1699399475,2023-11-7 23:24,0xc0ffeebabe5d496b2dde509f9fa189c25cf29671,0x3aa228a80f50763045bdfc45012da124bd0a6809,,0,8.50E-15,1.71E-11,0.01636306,32.92458244,1886.12,,,Ty For The MEV
0x3b208a2d1ea8e2c871bffea57d7ffb35d41fe85ff02746504d9f7c560a3fc821,18523345,1699399475,2023-11-7 23:24,0xc0ffeebabe5d496b2dde509f9fa189c25cf29671,0x3aa228a80f50763045bdfc45012da124bd0a6809,,0,9.98E-15,2.01E-11,0.033185251,66.77299672,1886.12,,,Ty For The MEV
0x2877b6069149ea83033202d874beed29dfa58d23dd39e4ab2999320b447ff590,18523345,1699399475,2023-11-7 23:24,0x25b71878850d008ec4237c55f0a59198bcc72b43,0xc0ffeebabe5d496b2dde509f9fa189c25cf29671,,20.02142014,0,40285.67484,0.0005685,1.143895558,1886.12,,,Transfer
0x8e4b9dc2b1926eefe93d90d344b63b3959f4e49cb490d6dbb8a4affc906818d8,18523614,1699402727,2023-11-8 0:18,0xc0ffeebabe5d496b2dde509f9fa189c25cf29671,0x3aa228a80f50763045bdfc45012da124bd0a6809,,0,6.30E-17,1.27E-13,0.010838088,21.80762791,1889.05,,,Ty For The MEV
0xd8e27dd1fe5b8c92639292f512ab82969f5f3b65a06085cf7c1c06823c1c7307,18523614,1699402727,2023-11-8 0:18,0xc0ffeebabe5d496b2dde509f9fa189c25cf29671,0x3aa228a80f50763045bdfc45012da124bd0a6809,,0,5.30E-17,1.07E-13,0.010450374,21.02749766,1889.05,,,Ty For The MEV
0x9d5032712234617e291fab67e4557dd027f6df977ec448fe97ce811bf74d592c,18523614,1699402727,2023-11-8 0:18,0xc0ffeebabe5d496b2dde509f9fa189c25cf29671,0x3aa228a80f50763045bdfc45012da124bd0a6809,,0,3.60E-17,7.24E-14,0.010380914,20.8877354,1889.05,,,Ty For The MEV
0x8256a9fd73d76f42d1c1c07acf2f720e90f573d07c20baf12264a2ba4523b945,18523614,1699402727,2023-11-8 0:18,0xc0ffeebabe5d496b2dde509f9fa189c25cf29671,0x3aa228a80f50763045bdfc45012da124bd0a6809,,0,1.70E-17,3.42E-14,0.010380565,20.88703308,1889.05,,,Ty For The MEV
0x74216f59a007de822452693c7ba6c6c694a3c23a770b8e43a3fe2913ef63298a,18523614,1699402727,2023-11-8 0:18,0xc0ffeebabe5d496b2dde509f9fa189c25cf29671,0xc0ffeebabe5d496b2dde509f9fa189c25cf29671,,72.26890291,72.26890291,145414.3364,0.000523567,1.05348436,1889.05,,,Transfer
0xa98a3f539b147e0f1dd94ac1e1381bb9c3fb8a06737f0af7bdeeb1b018a8b736,18523616,1699402751,2023-11-8 0:19,0xc0ffeebabe5d496b2dde509f9fa189c25cf29671,0x3aa228a80f50763045bdfc45012da124bd0a6809,,0,2.24E-16,4.51E-13,0.008879794,17.86728923,1889.05,,,Ty For The MEV
0x1b529f8c659bb91b834c1204196fd9a6ea03ea3d4fb5f3095c4eb6e7b09a2580,18523620,1699402799,2023-11-8 0:19,0xc0ffeebabe5d496b2dde509f9fa189c25cf29671,0x3aa228a80f50763045bdfc45012da124bd0a6809,,0,2.63E-16,5.29E-13,0.008464523,17.03170988,1889.05,,,Ty For The MEV
0x001fb7ef53ee076f6d8f96e05ab2f2074e305c4591bcdcf10596b26a8e64803c,18523978,1699407107,2023-11-8 1:31,0xc0ffeebabe5d496b2dde509f9fa189c25cf29671,0x3aa228a80f50763045bdfc45012da124bd0a6809,,0,4.60E-17,9.26E-14,0.008970523,18.04984772,1889.05,,,Ty For The MEV
0x9d06ab2a09b70c82790f357bc84a68309cc9c92459f2e8dc74530364bd5ac926,18524486,1699413227,2023-11-8 3:13,0xc0ffeebabe5d496b2dde509f9fa189c25cf29671,0x3aa228a80f50763045bdfc45012da124bd0a6809,,0,2.00E-17,4.02E-14,0.018207321,36.63547384,1889.05,Error(1),execution reverted,Ty For The MEV
0x434e070e573240297cb8402966b728573aca4e7b747f161a25c731a0e1caf940,18525080,1699420391,2023-11-8 5:13,0xc0ffeebabe5d496b2dde509f9fa189c25cf29671,0x3aa228a80f50763045bdfc45012da124bd0a6809,,0,9.92E-15,2.00E-11,0.008165458,16.42995324,1889.05,,,Ty For The MEV
0xc552b77eabfd9098d7508a7a4a3cdb6ae8d7546da51d5b199e831f8e3af47b5e,18525080,1699420391,2023-11-8 5:13,0x25b71878850d008ec4237c55f0a59198bcc72b43,0xc0ffeebabe5d496b2dde509f9fa189c25cf29671,,0.840645154,0,1691.486272,0.000388171,0.781050409,1889.05,,,Transfer
0xeb3fed8e417c1aa831589d757c7106b3ee71f8d107ff53bac2edaab00b4a52df,18525263,1699422611,2023-11-8 5:50,0xc0ffeebabe5d496b2dde509f9fa189c25cf29671,0x3aa228a80f50763045bdfc45012da124bd0a6809,,0,2.09E-16,4.21E-13,0.002178753,4.383931109,1889.05,,,Ty For The MEV
0xa0a04c5ee386f65f42914dd4c76190ba07e814149128f05f87945ecb217a1cdd,18528844,1699465895,2023-11-8 17:51,0xc0ffeebabe5d496b2dde509f9fa189c25cf29671,0x3aa228a80f50763045bdfc45012da124bd0a6809,,0,2.15E-16,4.33E-13,0.008597346,17.29896677,1889.05,,,Ty For The MEV
0xe86de51392d3ad57e2e3cf428af1b95556f38720f9f40b7c8cbcae18b812d130,18529251,1699470815,2023-11-8 19:13,0xc0ffeebabe5d496b2dde509f9fa189c25cf29671,0x3aa228a80f50763045bdfc45012da124bd0a6809,,0,9.78E-15,1.97E-11,0.064845117,130.4767243,1889.05,,,Ty For The MEV
0x16ed7d315884efa71db4d4f23c725b1ef301a4b52a4a37b8fe45e73a12582de7,18530085,1699480871,2023-11-8 22:01,0xc0ffeebabe5d496b2dde509f9fa189c25cf29671,0x3aa228a80f50763045bdfc45012da124bd0a6809,,0,1.69E-16,3.40E-13,0.013083517,26.32572058,1889.05,,,Ty For The MEV
0xf3f7236d7d8e5ee0f4c39224f52790225f1e35eccff94f922971bc59ce7f4215,18530085,1699480871,2023-11-8 22:01,0xc0ffeebabe5d496b2dde509f9fa189c25cf29671,0xc0ffeebabe5d496b2dde509f9fa189c25cf29671,,73.19001859,73.19001859,147267.7397,0.000931189,1.873672315,1889.05,,,Transfer
0x313b0afe7d937323b99382e3e442cad2fba7ed3fd12ab09ce311bf6aba678523,18531071,1699492763,2023-11-9 1:19,0xc0ffeebabe5d496b2dde509f9fa189c25cf29671,0x3aa228a80f50763045bdfc45012da124bd0a6809,,0,3.37E-16,6.78E-13,0.005890455,11.85235344,2121.13,,,Ty For The MEV
0x030836b0d8d02e18896c9628fe69eed86f437457b877679bb42535de005e779a,18534411,1699533167,2023-11-9 12:32,0xee7ab2fb4be0662796d54f1f2cba567b1e93ed29,0xc0ffeebabe5d496b2dde509f9fa189c25cf29671,,0,0,0,0.001320206,2.656424584,2121.13,,,0x48656c6c
0x1b536f134782ec78e69f52f1ffb171ac4ff1cc1606aac860932a2abdcb097cb1,18534463,1699533803,2023-11-9 12:43,0xc0ffeebabe5d496b2dde509f9fa189c25cf29671,0xee7ab2fb4be0662796d54f1f2cba567b1e93ed29,,0,0,0,0.000884905,1.780542649,2121.13,,,0x4865792c
0xad8cfa69c998db2f938bd4a267ac29822a6a90744c700f05797d7a43d40a9d19,18535060,1699541003,2023-11-9 14:43,0xc0ffeebabe5d496b2dde509f9fa189c25cf29671,0x3aa228a80f50763045bdfc45012da124bd0a6809,,0,9.52E-15,1.92E-11,0.073159309,147.2059486,2121.13,,,Ty For The MEV
0x066953e7d034059c34fb48a6beb9edcaf49d22a1d6fc8adeb3b04b42b5564896,18539112,1699589951,2023-11-10 4:19,0xc0ffeebabe5d496b2dde509f9fa189c25cf29671,0x3aa228a80f50763045bdfc45012da124bd0a6809,,0,9.22E-15,1.85E-11,0.0149113,30.00345503,2078.52,,,Ty For The MEV
0x421830cbe3e39100fe5383dbc11bd73e7a2bd2daa65b1b62c1fc79c4c5aaa502,18539775,1699597919,2023-11-10 6:31,0xc0ffeebabe5d496b2dde509f9fa189c25cf29671,0x3aa228a80f50763045bdfc45012da124bd0a6809,,0,9.74E-15,1.96E-11,0.017827439,35.87110245,2078.52,,,Ty For The MEV
0x214d25f4225dc4f5c1b5d9c33a95e4cc2087fac75de67aef55416ebd2130cd54,18540459,1699606187,2023-11-10 8:49,0xc0ffeebabe5d496b2dde509f9fa189c25cf29671,0x3aa228a80f50763045bdfc45012da124bd0a6809,,0,2.86E-16,5.75E-13,0.013618648,27.40247281,2078.52,,,Ty For The MEV
0xd7e66e7808bf81c591d42bab7e0e91483eccf222cba6b0fcb13379c7c1d8f67f,18541361,1699617071,2023-11-10 11:51,0xee7ab2fb4be0662796d54f1f2cba567b1e93ed29,0xc0ffeebabe5d496b2dde509f9fa189c25cf29671,,0,0,0,0.000708923,1.426445303,2078.52,,,0x506c6561
0xfd882ef515525495d7731fc53e43f7940a7bcb8ff9a393f7c434e131879baaae,18541433,1699617935,2023-11-10 12:05,0xc0ffeebabe5d496b2dde509f9fa189c25cf29671,0x3aa228a80f50763045bdfc45012da124bd0a6809,,0,1.09E-16,2.19E-13,0.01687868,33.96207796,2078.52,,,Ty For The MEV
0xdf641884edb21904bb531fc08b4e4398ead6a3881e1073781ad694f08a3f35c4,18542348,1699628999,2023-11-10 15:09,0xc0ffeebabe5d496b2dde509f9fa189c25cf29671,0x3aa228a80f50763045bdfc45012da124bd0a6809,,0,9.56E-15,1.92E-11,0.00438341,8.819984269,2078.52,,,Ty For The MEV
0xa59c5dff89c65ffad42d7f173bb494e2453bb1ae564137610a2f41b07320c5c9,18543663,1699644887,2023-11-10 19:34,0xc0ffeebabe5d496b2dde509f9fa189c25cf29671,0x3aa228a80f50763045bdfc45012da124bd0a6809,,0,9.85E-15,1.98E-11,0.024204665,48.70290248,2078.52,,,Ty For The MEV
0x33f905d109fd370c353cd4d6477d34e5bb68a35be6dbf7a0fe111326c656ff80,18543663,1699644887,2023-11-10 19:34,0xc0ffeebabe5d496b2dde509f9fa189c25cf29671,0x3aa228a80f50763045bdfc45012da124bd0a6809,,0,9.85E-15,1.98E-11,0.021369977,42.9991447,2078.52,,,Ty For The MEV
0x2039520de3f18b925b4eeca89b59e39d00156805ffc012c40d47eb8ffd9e6a25,18544368,1699653383,2023-11-10 21:56,0xc0ffeebabe5d496b2dde509f9fa189c25cf29671,0x3aa228a80f50763045bdfc45012da124bd0a6809,,0,3.38E-16,6.80E-13,0.07007809,141.006138,2078.52,,,Ty For The MEV
0x24d4d8d4e3f2d830030050a2448a240bd634c543adff16268201f89e56f00b25,18547845,1699695515,2023-11-11 9:38,0xc0ffeebabe5d496b2dde509f9fa189c25cf29671,0x3aa228a80f50763045bdfc45012da124bd0a6809,,0,9.91E-15,1.99E-11,0.014329944,28.83369219,2053.53,,,Ty For The MEV
0x63973d57673ebc2023ecf0da2bcc8a53fd4897878705a621c70c763b38613ddf,18548241,1699700291,2023-11-11 10:58,0xc0ffeebabe5d496b2dde509f9fa189c25cf29671,0x3aa228a80f50763045bdfc45012da124bd0a6809,,0,9.49E-15,1.91E-11,0.02572621,51.76444711,2053.53,,,Ty For The MEV
0x920aa75be212218a9a54dd0e1573c28deb5eba2e9ebdcc8c30cc2990e95dc763,18548241,1699700291,2023-11-11 10:58,0xc0ffeebabe5d496b2dde509f9fa189c25cf29671,0x3aa228a80f50763045bdfc45012da124bd0a6809,,0,8.49E-15,1.71E-11,0.018160774,36.54181443,2053.53,,,Ty For The MEV
0xff38b300d77ef568fbe9b4364f0696474add692cc8361fbb9c919194b447a61a,18550976,1699733363,2023-11-11 20:09,0xc0ffeebabe5d496b2dde509f9fa189c25cf29671,0x3aa228a80f50763045bdfc45012da124bd0a6809,,0,7.70E-17,1.55E-13,0.005946001,11.96411916,2053.53,,,Ty For The MEV
0x74aae200bcc9cc07fe6c1276f4d6ea7075ff84d607d5e377d7f46b0f22729938,18551347,1699737839,2023-11-11 21:23,0xc0ffeebabe5d496b2dde509f9fa189c25cf29671,0x3aa228a80f50763045bdfc45012da124bd0a6809,,0,9.17E-15,1.85E-11,0.017029211,34.26496516,2053.53,,,Ty For The MEV
0xf12e63ac823866cae702d58e21ee8553db75966cd3995e4c75214fc201d3f4c3,18551867,1699744091,2023-11-11 23:08,0x940b730a42036e24815ad215f507d1e2bdc309d5,0xc0ffeebabe5d496b2dde509f9fa189c25cf29671,,0,0,0,0.000532959,1.072381464,2053.53,,,0x41726520
0x3a72be8a9278dad475a585634bd661fda484f5d8b9a7b4e310dbf6d3f72bb809,18553710,1699766423,2023-11-12 5:20,0xc0ffeebabe5d496b2dde509f9fa189c25cf29671,0x3aa228a80f50763045bdfc45012da124bd0a6809,,0,2.55E-16,5.13E-13,0.004678705,9.414157632,2045.4,,,Ty For The MEV
0x256520b939974b8196004d025c9333f946461b9a142aa0236917429a9ccbe5bf,18555917,1699793147,2023-11-12 12:45,0xc0ffeebabe5d496b2dde509f9fa189c25cf29671,0x3aa228a80f50763045bdfc45012da124bd0a6809,,0,3.00E-17,6.04E-14,0.012508863,25.16944332,2045.4,,,Ty For The MEV
0x510b1ff25c0b3a1c69aa31e0bf70ec3d1800d31b6dca5bd9df9278a1d674befe,18555950,1699793543,2023-11-12 12:52,0xc0ffeebabe5d496b2dde509f9fa189c25cf29671,0x2061864b5382b95adab8a265dd6b2395ad12d2e5,,0,18.02566554,36269.95965,0.000667449,1.342993816,2045.4,,,Transfer
0xf01e7a6e5f104a26574adfb5285fdade806b3c606e402d4be7e9df3389c8ffe4,18556895,1699804967,2023-11-12 16:02,0xc0ffeebabe5d496b2dde509f9fa189c25cf29671,0x3aa228a80f50763045bdfc45012da124bd0a6809,,0,3.50E-17,7.04E-14,0.022200944,44.67115842,2045.4,,,Ty For The MEV
0x71fa65c6e8556337789296fae281b58b50c3efedba0ba8a1eaa4e640449f140b,18556895,1699804967,2023-11-12 16:02,0xc0ffeebabe5d496b2dde509f9fa189c25cf29671,0xc0ffeebabe5d496b2dde509f9fa189c25cf29671,,55.61315505,55.61315505,111900.8275,0.000933887,1.879101261,2045.4,,,Transfer
0xa8a571562ba952a4e82036a74509c057dd5877efc71fef2b8b9d72b75a9a9ff2,18556897,1699804991,2023-11-12 16:03,0xc0ffeebabe5d496b2dde509f9fa189c25cf29671,0x3aa228a80f50763045bdfc45012da124bd0a6809,,0,2.03E-16,4.08E-13,0.022627096,45.52862958,2045.4,,,Ty For The MEV
0xb82106a5db89c0ab312d01fb50827fe900009f5f6d6a3e3e7196d712c892abfa,18556897,1699804991,2023-11-12 16:03,0xc0ffeebabe5d496b2dde509f9fa189c25cf29671,0xc0ffeebabe5d496b2dde509f9fa189c25cf29671,,55.6152939,55.6152939,111905.1311,0.000937378,1.88612488,2045.4,,,Transfer
0xf2bdada685913629c1a56e1d20ecb7b13afb49f93d67b4ef5f6246aca65d25b4,18556973,1699805903,2023-11-12 16:18,0xc0ffeebabe5d496b2dde509f9fa189c25cf29671,0x3aa228a80f50763045bdfc45012da124bd0a6809,,0,2.20E-16,4.43E-13,0.006147363,12.3692857,2045.4,,,Ty For The MEV
0x47e7beadfbb738b600d845f27939e578a079c63a13fe55c0fa51f24b74c04df5,18557233,1699809071,2023-11-12 17:11,0xc0ffeebabe5d496b2dde509f9fa189c25cf29671,0x3aa228a80f50763045bdfc45012da124bd0a6809,,0,1.70E-16,3.42E-13,0.003540822,7.124588713,2045.4,,,Ty For The MEV
0xa112fb090c15e780acbba2cfef909008cf7960cb9170dc6d1c79f61fa8ab85c4,18557480,1699812035,2023-11-12 18:00,0xc0ffeebabe5d496b2dde509f9fa189c25cf29671,0x3aa228a80f50763045bdfc45012da124bd0a6809,,0,1.36E-16,2.74E-13,0.018591135,37.40775772,2045.4,,,Ty For The MEV
0x090a6a5c271e0004a101a21aafddbcabfa1bc795c99468795ffd3ce411c37e14,18557480,1699812035,2023-11-12 18:00,0xc0ffeebabe5d496b2dde509f9fa189c25cf29671,0xc0ffeebabe5d496b2dde509f9fa189c25cf29671,,55.65609242,55.65609242,111987.223,0.000764416,1.538102758,2045.4,,,Transfer
0x7c32c4576ee75f8d36e23ed8c9ff3b1a5d6132fd46abfb8981c127dc1330d0fb,18557633,1699813895,2023-11-12 18:31,0xc0ffeebabe5d496b2dde509f9fa189c25cf29671,0x3aa228a80f50763045bdfc45012da124bd0a6809,,0,1.07E-16,2.15E-13,0.01717375,34.55579557,2045.4,,,Ty For The MEV
0x5da3b40eee06c7855fd5ae304ee113389e810d65d66f07bb5e73e15ef668b17b,18557633,1699813895,2023-11-12 18:31,0xc0ffeebabe5d496b2dde509f9fa189c25cf29671,0xc0ffeebabe5d496b2dde509f9fa189c25cf29671,,55.66687841,55.66687841,112008.9258,0.000662265,1.332561543,2045.4,,,Transfer
0x8aeb7ae9c911a565247957e000a4c8dde46bc7a391c32319ac21852208c3f23e,18558401,1699823135,2023-11-12 21:05,0xc0ffeebabe5d496b2dde509f9fa189c25cf29671,0x3aa228a80f50763045bdfc45012da124bd0a6809,,0,3.80E-17,7.65E-14,0.022185093,44.6392631,2045.4,,,Ty For The MEV
